[
  {
    "id": "cb0ca41f-75f3-4e38-870d-0eebf939b6dd",
    "data": [
      {
        "text": "I don\u0027t think so",
        "userDefined": false
      }
    ],
    "isTemplate": false,
    "count": 0,
    "updated": 1520261873
  },
  {
    "id": "d4bfab58-c9cb-4b91-ab27-06b890b1bc0a",
    "data": [
      {
        "text": "I don\u0027t want that",
        "userDefined": false
      }
    ],
    "isTemplate": false,
    "count": 0,
    "updated": 1520261873
  },
  {
    "id": "cff9f155-74e6-43f3-8601-2200dd8fe254",
    "data": [
      {
        "text": "definitely not",
        "userDefined": false
      }
    ],
    "isTemplate": false,
    "count": 1,
    "updated": 1520261873
  },
  {
    "id": "f920efc8-e084-498d-9758-ba0697a15585",
    "data": [
      {
        "text": "not really",
        "userDefined": false
      }
    ],
    "isTemplate": false,
    "count": 0,
    "updated": 1520261873
  },
  {
    "id": "442889d6-cd1a-4d27-bb56-99f3d83b641a",
    "data": [
      {
        "text": "not interested",
        "userDefined": false
      }
    ],
    "isTemplate": false,
    "count": 0,
    "updated": 1520261873
  },
  {
    "id": "a5f1d7fd-30f9-45ea-9a97-848a5ca518b2",
    "data": [
      {
        "text": "thanks but no",
        "userDefined": false
      }
    ],
    "isTemplate": false,
    "count": 0,
    "updated": 1520261873
  },
  {
    "id": "2251d84d-9f96-464a-b1ac-cda32197b91b",
    "data": [
      {
        "text": "I disagree",
        "userDefined": false
      }
    ],
    "isTemplate": false,
    "count": 2,
    "updated": 1520261873
  },
  {
    "id": "e2e3b6a8-c318-4c59-8404-f76018b2aa7e",
    "data": [
      {
        "text": "no",
        "userDefined": false
      }
    ],
    "isTemplate": false,
    "count": 1,
    "updated": 1520261873
  },
  {
    "id": "bfd72b8c-6ade-47b9-b546-b9b7c8d1aa98",
    "data": [
      {
        "text": "don\u0027t do it",
        "userDefined": false
      }
    ],
    "isTemplate": false,
    "count": 0,
    "updated": 1520261873
  }
]