[
  {
    "id": "949eedbb-9ffa-43b1-b6c9-2dbaff2edd41",
    "data": [
      {
        "text": "weather in ",
        "userDefined": false
      },
      {
        "text": "Ho chi minh",
        "alias": "location",
        "meta": "@sys.any",
        "userDefined": true
      },
      {
        "text": " at ",
        "userDefined": false
      },
      {
        "text": "13/3/2018",
        "alias": "date",
        "meta": "@sys.any",
        "userDefined": true
      }
    ],
    "isTemplate": false,
    "count": 0,
    "updated": 1520582021
  },
  {
    "id": "a502565d-7a59-4515-84d8-b238766d94ed",
    "data": [
      {
        "text": "What is the weather forecast in ",
        "userDefined": false
      },
      {
        "text": "Ho Chi Minh",
        "alias": "location",
        "meta": "@sys.any",
        "userDefined": true
      },
      {
        "text": " at ",
        "userDefined": false
      },
      {
        "text": "13/3/2018",
        "alias": "date",
        "meta": "@sys.any",
        "userDefined": true
      }
    ],
    "isTemplate": false,
    "count": 0,
    "updated": 1520582021
  }
]