[
  {
    "id": "e78d800a-a506-4048-9b3a-655c99bda8a1",
    "data": [
      {
        "text": "How is the weather in ",
        "userDefined": false
      },
      {
        "text": "HoChiMinh",
        "alias": "location",
        "meta": "@sys.any",
        "userDefined": true
      },
      {
        "text": " from ",
        "userDefined": false
      },
      {
        "text": "02/14/2018",
        "alias": "startDate",
        "meta": "@sys.any",
        "userDefined": true
      },
      {
        "text": " to ",
        "userDefined": false
      },
      {
        "text": "02/15/2018",
        "alias": "endDate",
        "meta": "@sys.any",
        "userDefined": true
      }
    ],
    "isTemplate": false,
    "count": 0,
    "updated": 1519723053
  }
]