[
  {
    "id": "a5cb4f6f-3041-47ff-ab58-01b203af08d3",
    "data": [
      {
        "text": "that\u0027s correct",
        "userDefined": false
      }
    ],
    "isTemplate": false,
    "count": 0,
    "updated": 1520476870
  },
  {
    "id": "b1bf522b-c3b2-415c-9af5-3acae42a1cde",
    "data": [
      {
        "text": "of course",
        "userDefined": false
      }
    ],
    "isTemplate": false,
    "count": 0,
    "updated": 1520476870
  },
  {
    "id": "da312410-fdcf-4d5e-9566-b9ca0c6c10ca",
    "data": [
      {
        "text": "I don\u0027t mind",
        "userDefined": false
      }
    ],
    "isTemplate": false,
    "count": 0,
    "updated": 1520476870
  },
  {
    "id": "bbc1b4bf-003b-443d-9b4c-f147a0794383",
    "data": [
      {
        "text": "I agree",
        "userDefined": false
      }
    ],
    "isTemplate": false,
    "count": 1,
    "updated": 1520476870
  },
  {
    "id": "6d97c468-f811-4279-af18-b715cf7e891f",
    "data": [
      {
        "text": "sounds good",
        "userDefined": false
      }
    ],
    "isTemplate": false,
    "count": 0,
    "updated": 1520476870
  },
  {
    "id": "1fbf44c8-b6e1-4f4c-abfd-372ba6087e11",
    "data": [
      {
        "text": "exactly",
        "userDefined": false
      }
    ],
    "isTemplate": false,
    "count": 0,
    "updated": 1520476870
  },
  {
    "id": "64e3b609-1aab-4488-932d-191b76c97199",
    "data": [
      {
        "text": "yes",
        "userDefined": false
      }
    ],
    "isTemplate": false,
    "count": 0,
    "updated": 1520476870
  },
  {
    "id": "cd19546f-3002-4451-b35b-c549d895bd67",
    "data": [
      {
        "text": "do it",
        "userDefined": false
      }
    ],
    "isTemplate": false,
    "count": 1,
    "updated": 1520476870
  },
  {
    "id": "7165bc5c-c969-46ea-96f8-2976da87e73c",
    "data": [
      {
        "text": "ok",
        "userDefined": false
      }
    ],
    "isTemplate": false,
    "count": 0,
    "updated": 1520476870
  },
  {
    "id": "c22190da-c5d5-4a2f-b926-6e00e1ec7a4d",
    "data": [
      {
        "text": "confirm",
        "userDefined": false
      }
    ],
    "isTemplate": false,
    "count": 1,
    "updated": 1520476870
  },
  {
    "id": "a42e5266-3165-4695-a07e-ab23865ed594",
    "data": [
      {
        "text": "sure",
        "userDefined": false
      }
    ],
    "isTemplate": false,
    "count": 2,
    "updated": 1520476870
  },
  {
    "id": "59ccea3a-22e0-4b21-849e-e8c278869c4c",
    "data": [
      {
        "text": "okay",
        "userDefined": false
      }
    ],
    "isTemplate": false,
    "count": 0,
    "updated": 1520476870
  }
]